,date,url
0,2020-01-01,https://www.reddit.com/r/wallstreetbets/comments/eih9st/daily_discussion_thread_january_01_2020/
1,2020-01-02,https://www.reddit.com/r/wallstreetbets/comments/eiwx9h/daily_discussion_thread_january_02_2020/
2,2020-01-03,https://www.reddit.com/r/wallstreetbets/comments/ejdzm4/daily_discussion_thread_january_03_2020/
3,2020-01-04,NA
4,2020-01-05,NA
5,2020-01-06,https://www.reddit.com/r/wallstreetbets/comments/eksot6/daily_discussion_thread_january_06_2020/
6,2020-01-07,https://www.reddit.com/r/wallstreetbets/comments/ela5f8/daily_discussion_thread_january_07_2020/
7,2020-01-08,https://www.reddit.com/r/wallstreetbets/comments/elrbf1/daily_discussion_thread_january_08_2020/
8,2020-01-09,https://www.reddit.com/r/wallstreetbets/comments/em86ab/daily_discussion_thread_january_09_2020/
9,2020-01-10,https://www.reddit.com/r/wallstreetbets/comments/emphz2/daily_discussion_thread_january_10_2020/
10,2020-01-11,NA
11,2020-01-12,NA
12,2020-01-13,https://www.reddit.com/r/wallstreetbets/comments/eo2pe0/daily_discussion_thread_january_13_2020/
13,2020-01-14,https://www.reddit.com/r/wallstreetbets/comments/eojv73/daily_discussion_thread_january_14_2020/
14,2020-01-15,https://www.reddit.com/r/wallstreetbets/comments/ep0xus/daily_discussion_thread_january_15_2020/
15,2020-01-16,https://www.reddit.com/r/wallstreetbets/comments/ephwka/daily_discussion_thread_january_16_2020/
16,2020-01-17,https://www.reddit.com/r/wallstreetbets/comments/epyz0g/daily_discussion_thread_january_17_2020/
17,2020-01-18,NA
18,2020-01-19,NA
19,2020-01-20,https://www.reddit.com/r/wallstreetbets/comments/erbv24/daily_discussion_thread_january_20_2020/
20,2020-01-21,https://www.reddit.com/r/wallstreetbets/comments/ert4bk/daily_discussion_thread_january_21_2020/
21,2020-01-22,https://www.reddit.com/r/wallstreetbets/comments/esaggt/daily_discussion_thread_january_22_2020/
22,2020-01-23,https://www.reddit.com/r/wallstreetbets/comments/esrlmx/daily_discussion_thread_january_23_2020/
23,2020-01-24,https://www.reddit.com/r/wallstreetbets/comments/et8xus/daily_discussion_thread_january_24_2020/
24,2020-01-25,NA
25,2020-01-26,NA
26,2020-01-27,NA
27,2020-01-28,https://www.reddit.com/r/wallstreetbets/comments/ev46l5/daily_discussion_thread_january_28_2020/
28,2020-01-29,NA
29,2020-01-30,https://www.reddit.com/r/wallstreetbets/comments/ew3qro/daily_discussion_thread_january_30_2020/
30,2020-01-31,https://www.reddit.com/r/wallstreetbets/comments/ewmvzu/daily_discussion_thread_january_31_2020/
31,2020-02-01,NA
32,2020-02-02,NA
33,2020-02-03,https://www.reddit.com/r/wallstreetbets/comments/ey5kjc/daily_discussion_thread_february_03_2020/
34,2020-02-04,https://www.reddit.com/r/wallstreetbets/comments/eyoh7t/daily_discussion_thread_february_04_2020/
35,2020-02-05,https://www.reddit.com/r/wallstreetbets/comments/ez7z3h/daily_discussion_thread_february_05_2020/
36,2020-02-06,https://www.reddit.com/r/wallstreetbets/comments/ezqu6w/daily_discussion_thread_february_06_2020/
37,2020-02-07,https://www.reddit.com/r/wallstreetbets/comments/f0902f/daily_discussion_thread_february_07_2020/
38,2020-02-08,NA
39,2020-02-09,NA
40,2020-02-10,https://www.reddit.com/r/wallstreetbets/comments/f1osqm/daily_discussion_thread_february_10_2020/
41,2020-02-11,https://www.reddit.com/r/wallstreetbets/comments/f26vnw/daily_discussion_thread_february_11_2020/
42,2020-02-12,https://www.reddit.com/r/wallstreetbets/comments/f2plur/daily_discussion_thread_february_12_2020/
43,2020-02-13,https://www.reddit.com/r/wallstreetbets/comments/f38dq2/daily_discussion_thread_february_13_2020/
44,2020-02-14,https://www.reddit.com/r/wallstreetbets/comments/f3qool/daily_discussion_thread_february_14_2020/
45,2020-02-15,NA
46,2020-02-16,NA
47,2020-02-17,https://www.reddit.com/r/wallstreetbets/comments/f577wz/daily_discussion_thread_february_17_2020/
48,2020-02-18,https://www.reddit.com/r/wallstreetbets/comments/f5q5s2/daily_discussion_thread_february_18_2020/
49,2020-02-19,https://www.reddit.com/r/wallstreetbets/comments/f69d94/daily_discussion_thread_february_19_2020/
50,2020-02-20,https://www.reddit.com/r/wallstreetbets/comments/f6riyt/daily_discussion_thread_february_20_2020/
51,2020-02-21,https://www.reddit.com/r/wallstreetbets/comments/f79ki8/daily_discussion_thread_february_21_2020/
52,2020-02-22,NA
53,2020-02-23,NA
54,2020-02-24,https://www.reddit.com/r/wallstreetbets/comments/f8pouu/daily_discussion_thread_february_24_2020/
55,2020-02-25,https://www.reddit.com/r/wallstreetbets/comments/f98o73/daily_discussion_thread_february_25_2020/
56,2020-02-26,https://www.reddit.com/r/wallstreetbets/comments/f9rm6p/daily_discussion_thread_february_26_2020/
57,2020-02-27,https://www.reddit.com/r/wallstreetbets/comments/faahp8/daily_discussion_thread_february_27_2020/
58,2020-02-28,https://www.reddit.com/r/wallstreetbets/comments/fat4io/daily_discussion_thread_february_28_2020/
59,2020-02-29,NA
60,2020-03-01,NA
61,2020-03-02,https://www.reddit.com/r/wallstreetbets/comments/fcaiav/daily_discussion_thread_march_02_2020/
62,2020-03-03,https://www.reddit.com/r/wallstreetbets/comments/fct06c/daily_discussion_thread_march_03_2020/
63,2020-03-04,https://www.reddit.com/r/wallstreetbets/comments/fdbghc/daily_discussion_thread_march_04_2020/
64,2020-03-05,https://www.reddit.com/r/wallstreetbets/comments/fdtomr/daily_discussion_thread_march_05_2020/
65,2020-03-06,https://www.reddit.com/r/wallstreetbets/comments/febypd/daily_discussion_thread_march_06_2020/
66,2020-03-07,NA
67,2020-03-08,NA
68,2020-03-09,https://www.reddit.com/r/wallstreetbets/comments/fft0hq/daily_discussion_thread_march_09_2020/
69,2020-03-10,https://www.reddit.com/r/wallstreetbets/comments/fgc3hy/daily_discussion_thread_march_10_2020/
70,2020-03-11,https://www.reddit.com/r/wallstreetbets/comments/fgvdtv/daily_discussion_thread_march_11_2020/
71,2020-03-12,https://www.reddit.com/r/wallstreetbets/comments/fhelvw/daily_discussion_thread_march_12_2020/
72,2020-03-13,https://www.reddit.com/r/wallstreetbets/comments/fhxx4m/daily_discussion_thread_march_13_2020/
73,2020-03-14,NA
74,2020-03-15,NA
75,2020-03-16,https://www.reddit.com/r/wallstreetbets/comments/fjj89q/daily_discussion_thread_march_16_2020/
76,2020-03-17,https://www.reddit.com/r/wallstreetbets/comments/fk3e9i/daily_discussion_thread_march_17_2020/
77,2020-03-18,https://www.reddit.com/r/wallstreetbets/comments/fknsuo/daily_discussion_thread_march_18_2020/
78,2020-03-19,https://www.reddit.com/r/wallstreetbets/comments/fl88p7/daily_discussion_thread_march_19_2020/
79,2020-03-20,https://www.reddit.com/r/wallstreetbets/comments/flt7ha/daily_discussion_thread_march_20_2020/
80,2020-03-21,NA
81,2020-03-22,NA
82,2020-03-23,https://www.reddit.com/r/wallstreetbets/comments/fni5zy/daily_discussion_thread_march_23_2020/
83,2020-03-24,https://www.reddit.com/r/wallstreetbets/comments/fo3bjb/daily_discussion_thread_march_24_2020/
84,2020-03-25,https://www.reddit.com/r/wallstreetbets/comments/foogl4/daily_discussion_thread_march_25_2020/
85,2020-03-26,https://www.reddit.com/r/wallstreetbets/comments/fp9nxr/daily_discussion_thread_march_26_2020/
86,2020-03-27,https://www.reddit.com/r/wallstreetbets/comments/fpv2fn/daily_discussion_thread_march_27_2020/
87,2020-03-28,NA
88,2020-03-29,NA
89,2020-03-30,https://www.reddit.com/r/wallstreetbets/comments/frorn1/daily_discussion_thread_march_30_2020/
90,2020-03-31,https://www.reddit.com/r/wallstreetbets/comments/fsazxh/daily_discussion_thread_march_31_2020/
91,2020-04-01,https://www.reddit.com/r/wallstreetbets/comments/fsxqpm/daily_discussion_thread_april_01_2020/
92,2020-04-02,https://www.reddit.com/r/wallstreetbets/comments/ftkgj6/daily_discussion_thread_april_02_2020/
93,2020-04-03,https://www.reddit.com/r/wallstreetbets/comments/fu6gsh/daily_discussion_thread_april_03_2020/
94,2020-04-04,NA
95,2020-04-05,NA
96,2020-04-06,https://www.reddit.com/r/wallstreetbets/comments/fvwu06/daily_discussion_thread_april_06_2020/
97,2020-04-07,https://www.reddit.com/r/wallstreetbets/comments/fwim5b/daily_discussion_thread_april_07_2020/
98,2020-04-08,https://www.reddit.com/r/wallstreetbets/comments/fx4k9q/daily_discussion_thread_april_08_2020/
99,2020-04-09,https://www.reddit.com/r/wallstreetbets/comments/fxqidb/daily_discussion_thread_april_09_2020/
100,2020-04-10,https://www.reddit.com/r/wallstreetbets/comments/fydxnh/daily_discussion_thread_april_10_2020/
101,2020-04-11,NA
102,2020-04-12,NA
103,2020-04-13,https://www.reddit.com/r/wallstreetbets/comments/g0gvfn/daily_discussion_thread_april_13_2020/
104,2020-04-14,https://www.reddit.com/r/wallstreetbets/comments/g13jnz/daily_discussion_thread_april_14_2020/
105,2020-04-15,https://www.reddit.com/r/wallstreetbets/comments/g1pvny/daily_discussion_thread_april_15_2020/
106,2020-04-16,https://www.reddit.com/r/wallstreetbets/comments/g2c9fj/daily_discussion_thread_for_april_16_2020/
107,2020-04-17,https://www.reddit.com/r/wallstreetbets/comments/g2z9p8/daily_discussion_thread_for_april_17_2020/
108,2020-04-18,NA
109,2020-04-19,NA
110,2020-04-20,https://www.reddit.com/r/wallstreetbets/comments/g4q8u6/daily_discussion_thread_for_april_20_2020/
111,2020-04-21,https://www.reddit.com/r/wallstreetbets/comments/g5cllb/daily_discussion_thread_for_april_21_2020/
112,2020-04-22,https://www.reddit.com/r/wallstreetbets/comments/g5yjae/daily_discussion_thread_for_april_22_2020/
113,2020-04-23,https://www.reddit.com/r/wallstreetbets/comments/g6k3gr/daily_discussion_thread_for_april_23_2020/
114,2020-04-24,https://www.reddit.com/r/wallstreetbets/comments/g75wz3/daily_discussion_thread_for_april_24_2020/
115,2020-04-25,NA
116,2020-04-26,NA
117,2020-04-27,https://www.reddit.com/r/wallstreetbets/comments/g8y4jt/daily_discussion_thread_for_april_27_2020/
118,2020-04-28,https://www.reddit.com/r/wallstreetbets/comments/g9kncr/daily_discussion_thread_for_april_28_2020/
119,2020-04-29,https://www.reddit.com/r/wallstreetbets/comments/ga6tlc/daily_discussion_thread_for_april_29_2020/
120,2020-04-30,https://www.reddit.com/r/wallstreetbets/comments/gaszeo/daily_discussion_thread_for_april_30_2020/
121,2020-05-01,https://www.reddit.com/r/wallstreetbets/comments/gbpcs2/weekend_discussion_thread_for_the_weekend_of_may/
122,2020-05-02,NA
123,2020-05-03,NA
124,2020-05-04,https://www.reddit.com/r/wallstreetbets/comments/gd8zpy/daily_discussion_thread_for_may_04_2020/
125,2020-05-05,https://www.reddit.com/r/wallstreetbets/comments/gdv4qs/daily_discussion_thread_for_may_05_2020/
126,2020-05-06,https://www.reddit.com/r/wallstreetbets/comments/gehav8/daily_discussion_thread_for_may_06_2020/
127,2020-05-07,https://www.reddit.com/r/wallstreetbets/comments/gf3vim/daily_discussion_thread_for_may_07_2020/
128,2020-05-08,https://www.reddit.com/r/wallstreetbets/comments/gfqjq5/daily_discussion_thread_for_may_08_2020/
129,2020-05-09,NA
130,2020-05-10,NA
131,2020-05-11,https://www.reddit.com/r/wallstreetbets/comments/ghkxmf/daily_discussion_thread_for_may_11_2020/
132,2020-05-12,https://www.reddit.com/r/wallstreetbets/comments/gi8h6c/daily_discussion_thread_for_may_12_2020/
133,2020-05-13,https://www.reddit.com/r/wallstreetbets/comments/giw912/daily_discussion_thread_for_may_13_2020/
134,2020-05-14,https://www.reddit.com/r/wallstreetbets/comments/gjjjxj/daily_discussion_thread_for_may_14_2020/
135,2020-05-15,https://www.reddit.com/r/wallstreetbets/comments/gk6goa/daily_discussion_thread_for_may_15_2020/
136,2020-05-16,NA
137,2020-05-17,NA
138,2020-05-18,https://www.reddit.com/r/wallstreetbets/comments/glyucu/daily_discussion_thread_for_may_18_2020/
139,2020-05-19,https://www.reddit.com/r/wallstreetbets/comments/gmlsuw/daily_discussion_thread_for_may_19_2020/
140,2020-05-20,https://www.reddit.com/r/wallstreetbets/comments/gn8r9k/daily_discussion_thread_for_may_20_2020/
141,2020-05-21,https://www.reddit.com/r/wallstreetbets/comments/gnu61u/daily_discussion_thread_for_may_21_2020/
142,2020-05-22,https://www.reddit.com/r/wallstreetbets/comments/gogpfy/daily_discussion_thread_for_may_22_2020/
143,2020-05-23,NA
144,2020-05-24,NA
145,2020-05-25,https://www.reddit.com/r/wallstreetbets/comments/gq8jvr/daily_discussion_thread_for_may_25_2020/
146,2020-05-26,https://www.reddit.com/r/wallstreetbets/comments/gqubyt/daily_discussion_thread_for_may_26_2020/
147,2020-05-27,https://www.reddit.com/r/wallstreetbets/comments/grh1fv/daily_discussion_thread_for_may_27_2020/
148,2020-05-28,https://www.reddit.com/r/wallstreetbets/comments/gs3jqo/daily_discussion_thread_for_may_28_2020/
149,2020-05-29,https://www.reddit.com/r/wallstreetbets/comments/gsq9va/daily_discussion_thread_for_may_29_2020/
150,2020-05-30,NA
151,2020-05-31,NA
152,2020-06-01,NA
153,2020-06-02,https://www.reddit.com/r/wallstreetbets/comments/gv4nuh/daily_discussion_thread_for_june_02_2020/
154,2020-06-03,https://www.reddit.com/r/wallstreetbets/comments/gvr9zj/daily_discussion_thread_for_june_03_2020/
155,2020-06-04,https://www.reddit.com/r/wallstreetbets/comments/gwenjo/daily_discussion_thread_for_june_04_2020/
156,2020-06-05,https://www.reddit.com/r/wallstreetbets/comments/gx1vt8/daily_discussion_thread_for_june_05_2020/
157,2020-06-06,NA
158,2020-06-07,NA
159,2020-06-08,https://www.reddit.com/r/wallstreetbets/comments/gywpuw/daily_discussion_thread_for_june_08_2020/
160,2020-06-09,https://www.reddit.com/r/wallstreetbets/comments/gzkapz/daily_discussion_thread_for_june_09_2020/
161,2020-06-10,https://www.reddit.com/r/wallstreetbets/comments/h07z0d/daily_discussion_thread_for_june_10_2020/
162,2020-06-11,https://www.reddit.com/r/wallstreetbets/comments/h0whtp/daily_discussion_thread_for_june_11_2020/
163,2020-06-12,https://www.reddit.com/r/wallstreetbets/comments/h7i2lz/daily_discussion_thread_for_june_12_2020/
164,2020-06-13,NA
165,2020-06-14,NA
166,2020-06-15,https://www.reddit.com/r/wallstreetbets/comments/h9dhxy/daily_discussion_thread_for_june_15_2020/
167,2020-06-16,https://www.reddit.com/r/wallstreetbets/comments/ha16p4/daily_discussion_thread_for_june_16_2020/
168,2020-06-17,https://www.reddit.com/r/wallstreetbets/comments/haof9a/daily_discussion_thread_for_june_17_2020/
169,2020-06-18,https://www.reddit.com/r/wallstreetbets/comments/hbbw0e/daily_discussion_thread_for_june_18_2020/
170,2020-06-19,https://www.reddit.com/r/wallstreetbets/comments/hby5d4/daily_discussion_thread_for_june_19_2020/
171,2020-06-20,NA
172,2020-06-21,NA
173,2020-06-22,https://www.reddit.com/r/wallstreetbets/comments/hdpp7j/daily_discussion_thread_for_june_22_2020/
174,2020-06-23,https://www.reddit.com/r/wallstreetbets/comments/hebygw/daily_discussion_thread_for_june_23_2020/
175,2020-06-24,https://www.reddit.com/r/wallstreetbets/comments/heyhlj/daily_discussion_thread_for_june_24_2020/
176,2020-06-25,https://www.reddit.com/r/wallstreetbets/comments/hfjl3w/daily_discussion_thread_for_june_25_2020/
177,2020-06-26,https://www.reddit.com/r/wallstreetbets/comments/hg4wdd/daily_discussion_thread_for_june_26_2020/
178,2020-06-27,NA
179,2020-06-28,NA
180,2020-06-29,https://www.reddit.com/r/wallstreetbets/comments/hhxaym/daily_discussion_thread_for_june_29_2020/
181,2020-06-30,https://www.reddit.com/r/wallstreetbets/comments/hikka1/daily_discussion_thread_for_june_30_2020/
182,2020-07-01,https://www.reddit.com/r/wallstreetbets/comments/hj7ixd/daily_discussion_thread_for_july_01_2020/
183,2020-07-02,https://www.reddit.com/r/wallstreetbets/comments/hjudrj/daily_discussion_thread_for_july_02_2020/
184,2020-07-03,https://www.reddit.com/r/wallstreetbets/comments/hkgjy6/daily_discussion_thread_for_july_03_2020/
185,2020-07-04,NA
186,2020-07-05,NA
187,2020-07-06,https://www.reddit.com/r/wallstreetbets/comments/hm51pm/daily_discussion_thread_for_july_06_2020/
188,2020-07-07,https://www.reddit.com/r/wallstreetbets/comments/hmrv6e/daily_discussion_thread_for_july_07_2020/
189,2020-07-08,https://www.reddit.com/r/wallstreetbets/comments/hnegmj/daily_discussion_thread_for_july_08_2020/
190,2020-07-09,https://www.reddit.com/r/wallstreetbets/comments/ho0krw/daily_discussion_thread_for_july_09_2020/
191,2020-07-10,https://www.reddit.com/r/wallstreetbets/comments/homfbk/daily_discussion_thread_for_july_10_2020/
192,2020-07-11,NA
193,2020-07-12,NA
194,2020-07-13,https://www.reddit.com/r/wallstreetbets/comments/hqcqy1/daily_discussion_thread_for_july_13_2020/
195,2020-07-14,https://www.reddit.com/r/wallstreetbets/comments/hqywzo/daily_discussion_thread_for_july_14_2020/
196,2020-07-15,https://www.reddit.com/r/wallstreetbets/comments/hrkzcb/daily_discussion_thread_for_july_15_2020/
197,2020-07-16,https://www.reddit.com/r/wallstreetbets/comments/hs70w1/daily_discussion_thread_for_july_16_2020/
198,2020-07-17,https://www.reddit.com/r/wallstreetbets/comments/hst6nm/daily_discussion_thread_for_july_17_2020/
199,2020-07-18,NA
200,2020-07-19,NA
201,2020-07-20,https://www.reddit.com/r/wallstreetbets/comments/huod7n/daily_discussion_thread_for_july_20_2020/
202,2020-07-21,https://www.reddit.com/r/wallstreetbets/comments/hv4ux9/daily_discussion_thread_for_july_21_2020/
203,2020-07-22,https://www.reddit.com/r/wallstreetbets/comments/hvr7i6/daily_discussion_thread_for_july_22_2020/
204,2020-07-23,https://www.reddit.com/r/wallstreetbets/comments/hwd4xj/daily_discussion_thread_for_july_23_2020/
205,2020-07-24,https://www.reddit.com/r/wallstreetbets/comments/hwz949/daily_discussion_thread_for_july_24_2020/
206,2020-07-25,NA
207,2020-07-26,NA
208,2020-07-27,https://www.reddit.com/r/wallstreetbets/comments/hyqt0p/daily_discussion_thread_for_july_27_2020/
209,2020-07-28,https://www.reddit.com/r/wallstreetbets/comments/hzc3ko/daily_discussion_thread_for_july_28_2020/
210,2020-07-29,https://www.reddit.com/r/wallstreetbets/comments/hzy6my/daily_discussion_thread_for_july_29_2020/
211,2020-07-30,https://www.reddit.com/r/wallstreetbets/comments/i0ji8h/daily_discussion_thread_for_july_30_2020/
212,2020-07-31,https://www.reddit.com/r/wallstreetbets/comments/i15376/daily_discussion_thread_for_july_31_2020/
213,2020-08-01,NA
214,2020-08-02,NA
215,2020-08-03,https://www.reddit.com/r/wallstreetbets/comments/i2upp0/daily_discussion_thread_for_august_03_2020/
216,2020-08-04,https://www.reddit.com/r/wallstreetbets/comments/i3gpgo/daily_discussion_thread_for_august_04_2020/
217,2020-08-05,https://www.reddit.com/r/wallstreetbets/comments/i42orx/daily_discussion_thread_for_august_05_2020/
218,2020-08-06,https://www.reddit.com/r/wallstreetbets/comments/i4p4at/daily_discussion_thread_for_august_06_2020/
219,2020-08-07,https://www.reddit.com/r/wallstreetbets/comments/i5b9o9/daily_discussion_thread_for_august_07_2020/
220,2020-08-08,NA
221,2020-08-09,NA
222,2020-08-10,https://www.reddit.com/r/wallstreetbets/comments/i751vc/daily_discussion_thread_for_august_10_2020/
223,2020-08-11,https://www.reddit.com/r/wallstreetbets/comments/i7p679/daily_discussion_thread_for_august_11_2020/
224,2020-08-12,https://www.reddit.com/r/wallstreetbets/comments/i8b56i/daily_discussion_thread_for_august_12_2020/
225,2020-08-13,https://www.reddit.com/r/wallstreetbets/comments/i8xa70/daily_discussion_thread_for_august_13_2020/
226,2020-08-14,https://www.reddit.com/r/wallstreetbets/comments/i9jdiq/daily_discussion_thread_for_august_14_2020/
227,2020-08-15,NA
228,2020-08-16,NA
229,2020-08-17,https://www.reddit.com/r/wallstreetbets/comments/ibbhcu/daily_discussion_thread_for_august_17_2020/
230,2020-08-18,https://www.reddit.com/r/wallstreetbets/comments/iby9zj/daily_discussion_thread_for_august_18_2020/
231,2020-08-19,https://www.reddit.com/r/wallstreetbets/comments/ickxce/daily_discussion_thread_for_august_19_2020/
232,2020-08-20,https://www.reddit.com/r/wallstreetbets/comments/id7lxj/daily_discussion_thread_for_august_20_2020/
233,2020-08-21,https://www.reddit.com/r/wallstreetbets/comments/idu461/daily_discussion_thread_for_august_21_2020/
234,2020-08-22,NA
235,2020-08-23,NA
236,2020-08-24,https://www.reddit.com/r/wallstreetbets/comments/ifmc59/daily_discussion_thread_for_august_24_2020/
237,2020-08-25,https://www.reddit.com/r/wallstreetbets/comments/ig9cdo/daily_discussion_thread_for_august_25_2020/
238,2020-08-26,https://www.reddit.com/r/wallstreetbets/comments/igw84c/daily_discussion_thread_for_august_26_2020/
239,2020-08-27,https://www.reddit.com/r/wallstreetbets/comments/ihieiu/daily_discussion_thread_for_august_27_2020/
240,2020-08-28,https://www.reddit.com/r/wallstreetbets/comments/ii4hau/daily_discussion_thread_for_august_28_2020/
241,2020-08-29,NA
242,2020-08-30,NA
243,2020-08-31,NA
244,2020-09-01,https://www.reddit.com/r/wallstreetbets/comments/ikho51/daily_discussion_thread_for_september_01_2020/
245,2020-09-02,https://www.reddit.com/r/wallstreetbets/comments/il43tr/daily_discussion_thread_for_september_02_2020/
246,2020-09-03,https://www.reddit.com/r/wallstreetbets/comments/ilqp2l/daily_discussion_thread_for_september_03_2020/
247,2020-09-04,https://www.reddit.com/r/wallstreetbets/comments/imddo3/daily_discussion_thread_for_september_04_2020/
248,2020-09-05,NA
249,2020-09-06,NA
250,2020-09-07,https://www.reddit.com/r/wallstreetbets/comments/io4y60/daily_discussion_thread_for_september_07_2020/
251,2020-09-08,https://www.reddit.com/r/wallstreetbets/comments/ioqzpq/daily_discussion_thread_for_september_08_2020/
252,2020-09-09,https://www.reddit.com/r/wallstreetbets/comments/ipd82q/daily_discussion_thread_for_september_09_2020/
253,2020-09-10,https://www.reddit.com/r/wallstreetbets/comments/iq0jbk/daily_discussion_thread_for_september_10_2020/
254,2020-09-11,https://www.reddit.com/r/wallstreetbets/comments/iqnsjz/daily_discussion_thread_for_september_11_2020/
255,2020-09-12,NA
256,2020-09-13,NA
257,2020-09-14,https://www.reddit.com/r/wallstreetbets/comments/isi7v8/daily_discussion_thread_for_september_14_2020/
258,2020-09-15,https://www.reddit.com/r/wallstreetbets/comments/it5xpg/daily_discussion_thread_for_september_15_2020/
259,2020-09-16,https://www.reddit.com/r/wallstreetbets/comments/itspun/daily_discussion_thread_for_september_16_2020/
260,2020-09-17,https://www.reddit.com/r/wallstreetbets/comments/iugmeq/daily_discussion_thread_for_september_17_2020/
261,2020-09-18,https://www.reddit.com/r/wallstreetbets/comments/iv3f4e/daily_discussion_thread_for_september_18_2020/
262,2020-09-19,NA
263,2020-09-20,NA
264,2020-09-21,https://www.reddit.com/r/wallstreetbets/comments/iwxowm/daily_discussion_thread_for_september_21_2020/
265,2020-09-22,https://www.reddit.com/r/wallstreetbets/comments/ixklrz/daily_discussion_thread_for_september_22_2020/
266,2020-09-23,https://www.reddit.com/r/wallstreetbets/comments/iy7eev/daily_discussion_thread_for_september_23_2020/
267,2020-09-24,https://www.reddit.com/r/wallstreetbets/comments/iyuhw0/daily_discussion_thread_for_september_24_2020/
268,2020-09-25,https://www.reddit.com/r/wallstreetbets/comments/izgxsw/daily_discussion_thread_for_september_25_2020/
269,2020-09-26,NA
270,2020-09-27,NA
271,2020-09-28,https://www.reddit.com/r/wallstreetbets/comments/j19eqe/daily_discussion_thread_for_september_28_2020/
272,2020-09-29,https://www.reddit.com/r/wallstreetbets/comments/j1whna/daily_discussion_thread_for_september_29_2020/
273,2020-09-30,https://www.reddit.com/r/wallstreetbets/comments/j2jg0e/daily_discussion_thread_for_september_30_2020/
274,2020-10-01,https://www.reddit.com/r/wallstreetbets/comments/j35to3/daily_discussion_thread_for_october_01_2020/
275,2020-10-02,https://www.reddit.com/r/wallstreetbets/comments/j3rz7r/daily_discussion_thread_for_october_02_2020/
276,2020-10-03,NA
277,2020-10-04,NA
278,2020-10-05,https://www.reddit.com/r/wallstreetbets/comments/j5guae/daily_discussion_thread_for_october_05_2020/
279,2020-10-06,https://www.reddit.com/r/wallstreetbets/comments/j62ihd/daily_discussion_thread_for_october_06_2020/
280,2020-10-07,https://www.reddit.com/r/wallstreetbets/comments/j6o9s8/daily_discussion_thread_for_october_07_2020/
281,2020-10-08,https://www.reddit.com/r/wallstreetbets/comments/j7agfu/daily_discussion_thread_for_october_08_2020/
282,2020-10-09,https://www.reddit.com/r/wallstreetbets/comments/j7wdaz/daily_discussion_thread_for_october_09_2020/
283,2020-10-10,NA
284,2020-10-11,NA
285,2020-10-12,https://www.reddit.com/r/wallstreetbets/comments/j9obtn/daily_discussion_thread_for_october_12_2020/
286,2020-10-13,https://www.reddit.com/r/wallstreetbets/comments/jaaj59/daily_discussion_thread_for_october_13_2020/
287,2020-10-14,https://www.reddit.com/r/wallstreetbets/comments/jaxxuj/daily_discussion_thread_for_october_14_2020/
288,2020-10-15,https://www.reddit.com/r/wallstreetbets/comments/jbktdv/daily_discussion_thread_for_october_15_2020/
289,2020-10-16,https://www.reddit.com/r/wallstreetbets/comments/jc7ao5/daily_discussion_thread_for_october_16_2020/
290,2020-10-17,NA
291,2020-10-18,NA
292,2020-10-19,https://www.reddit.com/r/wallstreetbets/comments/jdz1ws/daily_discussion_thread_for_october_19_2020/
293,2020-10-20,https://www.reddit.com/r/wallstreetbets/comments/jemmh3/daily_discussion_thread_for_october_20_2020/
294,2020-10-21,https://www.reddit.com/r/wallstreetbets/comments/jfa4fj/daily_discussion_thread_for_october_21_2020/
295,2020-10-22,https://www.reddit.com/r/wallstreetbets/comments/jfwwhm/daily_discussion_thread_for_october_22_2020/
296,2020-10-23,https://www.reddit.com/r/wallstreetbets/comments/jgkeqo/daily_discussion_thread_for_october_23_2020/
297,2020-10-24,NA
298,2020-10-25,NA
299,2020-10-26,https://www.reddit.com/r/wallstreetbets/comments/jibzmg/daily_discussion_thread_for_october_26_2020/
300,2020-10-27,https://www.reddit.com/r/wallstreetbets/comments/jiyfu2/daily_discussion_thread_for_october_27_2020/
301,2020-10-28,https://www.reddit.com/r/wallstreetbets/comments/jjl2qm/daily_discussion_thread_for_october_28_2020/
302,2020-10-29,https://www.reddit.com/r/wallstreetbets/comments/jk7d6g/daily_discussion_thread_for_october_29_2020/
303,2020-10-30,https://www.reddit.com/r/wallstreetbets/comments/jku4jx/daily_discussion_thread_for_october_30_2020/
304,2020-10-31,NA
305,2020-11-01,NA
306,2020-11-02,https://www.reddit.com/r/wallstreetbets/comments/jmkz1s/daily_discussion_thread_for_november_02_2020/
307,2020-11-03,https://www.reddit.com/r/wallstreetbets/comments/jn7ua1/daily_discussion_thread_for_november_03_2020/
308,2020-11-04,https://www.reddit.com/r/wallstreetbets/comments/jnu8gl/daily_discussion_thread_for_november_04_2020/
309,2020-11-05,https://www.reddit.com/r/wallstreetbets/comments/jogc2m/daily_discussion_thread_for_november_05_2020/
310,2020-11-06,https://www.reddit.com/r/wallstreetbets/comments/jp2nvp/daily_discussion_thread_for_november_06_2020/
311,2020-11-07,NA
312,2020-11-08,NA
313,2020-11-09,https://www.reddit.com/r/wallstreetbets/comments/jqv478/daily_discussion_thread_for_november_09_2020/
314,2020-11-10,https://www.reddit.com/r/wallstreetbets/comments/jriieh/daily_discussion_thread_for_november_10_2020/
315,2020-11-11,https://www.reddit.com/r/wallstreetbets/comments/js5m7m/daily_discussion_thread_for_november_11_2020/
316,2020-11-12,https://www.reddit.com/r/wallstreetbets/comments/jssu2g/daily_discussion_thread_for_november_12_2020/
317,2020-11-13,https://www.reddit.com/r/wallstreetbets/comments/jtf81v/daily_discussion_thread_for_november_13_2020/
318,2020-11-14,NA
319,2020-11-15,NA
320,2020-11-16,https://www.reddit.com/r/wallstreetbets/comments/jv52hs/daily_discussion_thread_for_november_16_2020/
321,2020-11-17,https://www.reddit.com/r/wallstreetbets/comments/jvr81t/daily_discussion_thread_for_november_17_2020/
322,2020-11-18,https://www.reddit.com/r/wallstreetbets/comments/jwdx2r/daily_discussion_thread_for_november_18_2020/
323,2020-11-19,https://www.reddit.com/r/wallstreetbets/comments/jx0uml/daily_discussion_thread_for_november_19_2020/
324,2020-11-20,https://www.reddit.com/r/wallstreetbets/comments/jxn70w/daily_discussion_thread_for_november_20_2020/
325,2020-11-21,NA
326,2020-11-22,NA
327,2020-11-23,https://www.reddit.com/r/wallstreetbets/comments/jzfrez/daily_discussion_thread_for_november_23_2020/
328,2020-11-24,https://www.reddit.com/r/wallstreetbets/comments/k03375/daily_discussion_thread_for_november_24_2020/
329,2020-11-25,https://www.reddit.com/r/wallstreetbets/comments/k0qaqw/daily_discussion_thread_for_november_25_2020/
330,2020-11-26,https://www.reddit.com/r/wallstreetbets/comments/k1dfo8/daily_discussion_thread_for_november_26_2020/
331,2020-11-27,https://www.reddit.com/r/wallstreetbets/comments/k1zap5/daily_discussion_thread_for_november_27_2020/
332,2020-11-28,NA
333,2020-11-29,NA
334,2020-11-30,https://www.reddit.com/r/wallstreetbets/comments/k3twiv/daily_discussion_thread_for_november_30_2020/
335,2020-12-01,https://www.reddit.com/r/wallstreetbets/comments/k4ixya/daily_discussion_thread_for_december_01_2020/
336,2020-12-02,https://www.reddit.com/r/wallstreetbets/comments/k57d6a/daily_discussion_thread_for_december_02_2020/
337,2020-12-03,https://www.reddit.com/r/wallstreetbets/comments/k5vaj4/daily_discussion_thread_for_december_03_2020/
338,2020-12-04,https://www.reddit.com/r/wallstreetbets/comments/k6j06n/daily_discussion_thread_for_december_04_2020/
339,2020-12-05,NA
340,2020-12-06,NA
341,2020-12-07,https://www.reddit.com/r/wallstreetbets/comments/k8el96/daily_discussion_thread_for_december_07_2020/
342,2020-12-08,https://www.reddit.com/r/wallstreetbets/comments/k92ab0/daily_discussion_thread_for_december_08_2020/
343,2020-12-09,https://www.reddit.com/r/wallstreetbets/comments/k9pwht/daily_discussion_thread_for_december_09_2020/
344,2020-12-10,https://www.reddit.com/r/wallstreetbets/comments/kadem4/daily_discussion_thread_for_december_10_2020/
345,2020-12-11,https://www.reddit.com/r/wallstreetbets/comments/kb0pf8/daily_discussion_thread_for_december_11_2020/
346,2020-12-12,NA
347,2020-12-13,NA
348,2020-12-14,https://www.reddit.com/r/wallstreetbets/comments/kcvkwx/daily_discussion_thread_for_december_14_2020/
349,2020-12-15,https://www.reddit.com/r/wallstreetbets/comments/kdjq0q/daily_discussion_thread_for_december_15_2020/
350,2020-12-16,https://www.reddit.com/r/wallstreetbets/comments/ke77bd/daily_discussion_thread_for_december_16_2020/
351,2020-12-17,https://www.reddit.com/r/wallstreetbets/comments/kevfhc/daily_discussion_thread_for_december_17_2020/
352,2020-12-18,https://www.reddit.com/r/wallstreetbets/comments/kfj3tm/daily_discussion_thread_for_december_18_2020/
353,2020-12-19,NA
354,2020-12-20,NA
355,2020-12-21,https://www.reddit.com/r/wallstreetbets/comments/khf71h/daily_discussion_thread_for_december_21_2020/
356,2020-12-22,https://www.reddit.com/r/wallstreetbets/comments/ki3745/daily_discussion_thread_for_december_22_2020/
357,2020-12-23,https://www.reddit.com/r/wallstreetbets/comments/kir3c3/daily_discussion_thread_for_december_23_2020/
358,2020-12-24,https://www.reddit.com/r/wallstreetbets/comments/kjdkdk/daily_discussion_thread_for_december_24_2020/
359,2020-12-25,NA
360,2020-12-26,NA
361,2020-12-27,NA
362,2020-12-28,https://www.reddit.com/r/wallstreetbets/comments/klohcs/daily_discussion_thread_for_december_28_2020/
363,2020-12-29,https://www.reddit.com/r/wallstreetbets/comments/kmcawr/daily_discussion_thread_for_december_29_2020/
364,2020-12-30,https://www.reddit.com/r/wallstreetbets/comments/kn09ji/daily_discussion_thread_for_december_30_2020/
365,2020-12-31,https://www.reddit.com/r/wallstreetbets/comments/kno2o3/daily_discussion_thread_for_december_31_2020/
366,2021-01-01,https://www.reddit.com/r/wallstreetbets/comments/ko9i5u/daily_discussion_thread_for_january_01_2021/
367,2021-01-02,NA
368,2021-01-03,NA
369,2021-01-04,https://www.reddit.com/r/wallstreetbets/comments/kq6j3j/daily_discussion_thread_for_january_04_2021/
370,2021-01-05,https://www.reddit.com/r/wallstreetbets/comments/kqw962/daily_discussion_thread_for_january_05_2021/
371,2021-01-06,https://www.reddit.com/r/wallstreetbets/comments/krlpdb/daily_discussion_thread_for_january_06_2021/
372,2021-01-07,https://www.reddit.com/r/wallstreetbets/comments/ksb2ks/daily_discussion_thread_for_january_07_2021/
373,2021-01-08,https://www.reddit.com/r/wallstreetbets/comments/kt0a9h/daily_discussion_thread_for_january_08_2021/
374,2021-01-09,NA
375,2021-01-10,NA
376,2021-01-11,https://www.reddit.com/r/wallstreetbets/comments/kv0ij6/daily_discussion_thread_for_january_11_2021/
377,2021-01-12,https://www.reddit.com/r/wallstreetbets/comments/kvpl3x/daily_discussion_thread_for_january_12_2021/
378,2021-01-13,https://www.reddit.com/r/wallstreetbets/comments/kwe7q7/daily_discussion_thread_for_january_13_2021/
379,2021-01-14,https://www.reddit.com/r/wallstreetbets/comments/kx3ja5/daily_discussion_thread_for_january_14_2021/
380,2021-01-15,https://www.reddit.com/r/wallstreetbets/comments/kxsd2p/daily_discussion_thread_for_january_15_2021/
381,2021-01-16,NA
382,2021-01-17,NA
383,2021-01-18,https://www.reddit.com/r/wallstreetbets/comments/kzsjo9/daily_discussion_thread_for_january_18_2021/
384,2021-01-19,https://www.reddit.com/r/wallstreetbets/comments/l0hnrw/daily_discussion_thread_for_january_19_2021/
385,2021-01-20,https://www.reddit.com/r/wallstreetbets/comments/l170g4/daily_discussion_thread_for_january_20_2021/
386,2021-01-21,NA
387,2021-01-22,NA
388,2021-01-23,NA
389,2021-01-24,NA
390,2021-01-25,https://www.reddit.com/r/wallstreetbets/comments/l4lopq/daily_discussion_thread_for_january_25_2021/
391,2021-01-26,https://www.reddit.com/r/wallstreetbets/comments/l5brzz/daily_discussion_thread_for_january_26_2021/
392,2021-01-27,https://www.reddit.com/r/wallstreetbets/comments/l6261q/daily_discussion_thread_for_january_27_2021/
393,2021-01-28,https://www.reddit.com/r/wallstreetbets/comments/l6u011/daily_discussion_thread_for_january_28_2021/
394,2021-01-29,https://www.reddit.com/r/wallstreetbets/comments/l7ptxi/daily_discussion_thread_for_january_29_2021/
395,2021-01-30,NA
396,2021-01-31,NA
397,2021-02-01,https://www.reddit.com/r/wallstreetbets/comments/la0n4z/daily_discussion_thread_for_february_01_2021/
398,2021-02-02,https://www.reddit.com/r/wallstreetbets/comments/lat43j/daily_discussion_thread_for_february_02_2021/
399,2021-02-03,https://www.reddit.com/r/wallstreetbets/comments/lbl62i/daily_discussion_thread_for_february_03_2021/
400,2021-02-04,NA
401,2021-02-05,https://www.reddit.com/r/wallstreetbets/comments/ld4v2q/daily_discussion_thread_for_february_05_2021/
402,2021-02-06,NA
403,2021-02-07,NA
404,2021-02-08,https://www.reddit.com/r/wallstreetbets/comments/lf9huy/daily_discussion_thread_for_february_08_2021/
405,2021-02-09,https://www.reddit.com/r/wallstreetbets/comments/lg0h70/daily_discussion_thread_for_february_09_2021/
406,2021-02-10,https://www.reddit.com/r/wallstreetbets/comments/lgrc39/daily_discussion_thread_for_february_10_2021/
407,2021-02-11,https://www.reddit.com/r/wallstreetbets/comments/lhifig/daily_discussion_thread_for_february_11_2021/
408,2021-02-12,https://www.reddit.com/r/wallstreetbets/comments/li8ul6/daily_discussion_thread_for_february_12_2021/
409,2021-02-13,NA
410,2021-02-14,NA
411,2021-02-15,https://www.reddit.com/r/wallstreetbets/comments/lkbfl4/daily_discussion_thread_for_february_15_2021/
412,2021-02-16,https://www.reddit.com/r/wallstreetbets/comments/ll1ir4/daily_discussion_thread_for_february_16_2021/
413,2021-02-17,https://www.reddit.com/r/wallstreetbets/comments/llrzit/daily_discussion_thread_for_february_17_2021/
414,2021-02-18,https://www.reddit.com/r/wallstreetbets/comments/lmk8bq/daily_discussion_thread_for_february_18_2021/
415,2021-02-19,https://www.reddit.com/r/wallstreetbets/comments/lnd8jo/daily_discussion_thread_for_february_19_2021/
416,2021-02-20,NA
417,2021-02-21,NA
418,2021-02-22,https://www.reddit.com/r/wallstreetbets/comments/lplby9/daily_discussion_thread_for_february_22_2021/
419,2021-02-23,https://www.reddit.com/r/wallstreetbets/comments/lqfr4s/daily_discussion_thread_for_february_23_2021/
420,2021-02-24,https://www.reddit.com/r/wallstreetbets/comments/lra5cg/daily_discussion_thread_for_february_24_2021/
421,2021-02-25,https://www.reddit.com/r/wallstreetbets/comments/ls42x6/daily_discussion_thread_for_february_25_2021/
422,2021-02-26,https://www.reddit.com/r/wallstreetbets/comments/lsvesi/daily_discussion_thread_for_february_26_2021/
423,2021-02-27,NA
424,2021-02-28,NA
425,2021-03-01,https://www.reddit.com/r/wallstreetbets/comments/lv6dsz/daily_discussion_thread_for_march_01_2021/
426,2021-03-02,https://www.reddit.com/r/wallstreetbets/comments/lvzh9h/daily_discussion_thread_for_march_02_2021/
427,2021-03-03,https://www.reddit.com/r/wallstreetbets/comments/lwr7oo/daily_discussion_thread_for_march_03_2021/
428,2021-03-04,https://www.reddit.com/r/wallstreetbets/comments/lxi05e/daily_discussion_thread_for_march_04_2021/
429,2021-03-05,https://www.reddit.com/r/wallstreetbets/comments/ly9gxp/daily_discussion_thread_for_march_05_2021/
430,2021-03-06,NA
431,2021-03-07,NA
432,2021-03-08,https://www.reddit.com/r/wallstreetbets/comments/m0dd8m/daily_discussion_thread_for_march_08_2021/
433,2021-03-09,https://www.reddit.com/r/wallstreetbets/comments/m144ua/daily_discussion_thread_for_march_09_2021/
434,2021-03-10,https://www.reddit.com/r/wallstreetbets/comments/m1v1e6/daily_discussion_thread_for_march_10_2021/
435,2021-03-11,https://www.reddit.com/r/wallstreetbets/comments/m2not4/daily_discussion_thread_for_march_11_2021/
436,2021-03-12,https://www.reddit.com/r/wallstreetbets/comments/m3f9fp/daily_discussion_thread_for_march_12_2021/
437,2021-03-13,NA
438,2021-03-14,NA
439,2021-03-15,https://www.reddit.com/r/wallstreetbets/comments/m5hbpf/daily_discussion_thread_for_march_15_2021/
440,2021-03-16,https://www.reddit.com/r/wallstreetbets/comments/m65k4x/daily_discussion_thread_for_march_16_2021/
441,2021-03-17,https://www.reddit.com/r/wallstreetbets/comments/m6wyk2/daily_discussion_thread_for_march_17_2021/
442,2021-03-18,https://www.reddit.com/r/wallstreetbets/comments/m7nj0c/daily_discussion_thread_for_march_18_2021/
443,2021-03-19,https://www.reddit.com/r/wallstreetbets/comments/m8dwo1/daily_discussion_thread_for_march_19_2021/
444,2021-03-20,NA
445,2021-03-21,NA
446,2021-03-22,https://www.reddit.com/r/wallstreetbets/comments/majtm4/daily_discussion_thread_for_march_22_2021/
447,2021-03-23,https://www.reddit.com/r/wallstreetbets/comments/mbb9n8/daily_discussion_thread_for_march_23_2021/
448,2021-03-24,https://www.reddit.com/r/wallstreetbets/comments/mc1zp9/daily_discussion_thread_for_march_24_2021/
449,2021-03-25,https://www.reddit.com/r/wallstreetbets/comments/mcuoms/daily_discussion_thread_for_march_25_2021/
450,2021-03-26,https://www.reddit.com/r/wallstreetbets/comments/mdl9jy/daily_discussion_thread_for_march_26_2021/
451,2021-03-27,NA
452,2021-03-28,NA
453,2021-03-29,https://www.reddit.com/r/wallstreetbets/comments/mfm3fg/daily_discussion_thread_for_march_29_2021/
454,2021-03-30,https://www.reddit.com/r/wallstreetbets/comments/mgcgcy/daily_discussion_thread_for_march_30_2021/
455,2021-03-31,https://www.reddit.com/r/wallstreetbets/comments/mh2ryh/daily_discussion_thread_for_march_31_2021/
456,2021-04-01,https://www.reddit.com/r/wallstreetbets/comments/mhs01v/daily_discussion_thread_for_april_01_2021/
457,2021-04-02,NA
458,2021-04-03,NA
459,2021-04-04,NA
460,2021-04-05,https://www.reddit.com/r/wallstreetbets/comments/mkh463/daily_discussion_thread_for_april_05_2021/
461,2021-04-06,https://www.reddit.com/r/wallstreetbets/comments/ml86d3/daily_discussion_thread_for_april_06_2021/
462,2021-04-07,https://www.reddit.com/r/wallstreetbets/comments/mlyq20/daily_discussion_thread_for_april_07_2021/
463,2021-04-08,https://www.reddit.com/r/wallstreetbets/comments/mmog6c/daily_discussion_thread_for_april_08_2021/
464,2021-04-09,https://www.reddit.com/r/wallstreetbets/comments/mndw8t/daily_discussion_thread_for_april_09_2021/
465,2021-04-10,NA
466,2021-04-11,NA
467,2021-04-12,https://www.reddit.com/r/wallstreetbets/comments/mpao84/daily_discussion_thread_for_april_12_2021/
468,2021-04-13,https://www.reddit.com/r/wallstreetbets/comments/mpz5br/daily_discussion_thread_for_april_13_2021/
469,2021-04-14,https://www.reddit.com/r/wallstreetbets/comments/mqndra/daily_discussion_thread_for_april_14_2021/
470,2021-04-15,https://www.reddit.com/r/wallstreetbets/comments/mrbmfj/daily_discussion_thread_for_april_15_2021/
471,2021-04-16,https://www.reddit.com/r/wallstreetbets/comments/mrzzt0/daily_discussion_thread_for_april_16_2021/
472,2021-04-17,NA
473,2021-04-18,NA
474,2021-04-19,https://www.reddit.com/r/wallstreetbets/comments/mtxaus/daily_discussion_thread_for_april_19_2021/
475,2021-04-20,https://www.reddit.com/r/wallstreetbets/comments/mumzmy/daily_discussion_thread_for_april_20_2021/
476,2021-04-21,https://www.reddit.com/r/wallstreetbets/comments/mvcct1/daily_discussion_thread_for_april_21_2021/
477,2021-04-22,https://www.reddit.com/r/wallstreetbets/comments/mw1ekp/daily_discussion_thread_for_april_22_2021/
478,2021-04-23,https://www.reddit.com/r/wallstreetbets/comments/mwrux2/daily_discussion_thread_for_april_23_2021/
479,2021-04-24,NA
480,2021-04-25,NA
481,2021-04-26,https://www.reddit.com/r/wallstreetbets/comments/myu6q2/daily_discussion_thread_for_april_26_2021/
482,2021-04-27,https://www.reddit.com/r/wallstreetbets/comments/mzl0cz/daily_discussion_thread_for_april_27_2021/
483,2021-04-28,https://www.reddit.com/r/wallstreetbets/comments/n0bepa/daily_discussion_thread_for_april_28_2021/
484,2021-04-29,https://www.reddit.com/r/wallstreetbets/comments/n11379/daily_discussion_thread_for_april_29_2021/
485,2021-04-30,https://www.reddit.com/r/wallstreetbets/comments/n1qned/daily_discussion_thread_for_april_30_2021/
486,2021-05-01,NA
487,2021-05-02,NA
488,2021-05-03,https://www.reddit.com/r/wallstreetbets/comments/n3sdrh/daily_discussion_thread_for_may_03_2021/
489,2021-05-04,https://www.reddit.com/r/wallstreetbets/comments/n4klyx/daily_discussion_thread_for_may_04_2021/
490,2021-05-05,https://www.reddit.com/r/wallstreetbets/comments/n5cc1t/daily_discussion_thread_for_may_05_2021/
491,2021-05-06,https://www.reddit.com/r/wallstreetbets/comments/n63s48/daily_discussion_thread_for_may_06_2021/
492,2021-05-07,https://www.reddit.com/r/wallstreetbets/comments/n6uyxz/daily_discussion_thread_for_may_07_2021/
493,2021-05-08,NA
494,2021-05-09,NA
495,2021-05-10,https://www.reddit.com/r/wallstreetbets/comments/n90t4p/daily_discussion_thread_for_may_10_2021/
496,2021-05-11,https://www.reddit.com/r/wallstreetbets/comments/n9th6n/daily_discussion_thread_for_may_11_2021/
497,2021-05-12,https://www.reddit.com/r/wallstreetbets/comments/nal19o/daily_discussion_thread_for_may_12_2021/
498,2021-05-13,https://www.reddit.com/r/wallstreetbets/comments/nbd3jq/daily_discussion_thread_for_may_13_2021/
499,2021-05-14,https://www.reddit.com/r/wallstreetbets/comments/nc4z12/daily_discussion_thread_for_may_14_2021/
500,2021-05-15,NA
501,2021-05-16,NA
502,2021-05-17,https://www.reddit.com/r/wallstreetbets/comments/nec4of/daily_discussion_thread_for_may_17_2021/
503,2021-05-18,https://www.reddit.com/r/wallstreetbets/comments/nf6oeg/daily_discussion_thread_for_may_18_2021/
504,2021-05-19,NA
505,2021-05-20,https://www.reddit.com/r/wallstreetbets/comments/ngw4ld/daily_discussion_thread_for_may_20_2021/
506,2021-05-21,https://www.reddit.com/r/wallstreetbets/comments/nhoua8/daily_discussion_thread_for_may_21_2021/
507,2021-05-22,NA
508,2021-05-23,NA
509,2021-05-24,https://www.reddit.com/r/wallstreetbets/comments/njubrl/daily_discussion_thread_for_may_24_2021/
510,2021-05-25,https://www.reddit.com/r/wallstreetbets/comments/nkm1ab/daily_discussion_thread_for_may_25_2021/
511,2021-05-26,https://www.reddit.com/r/wallstreetbets/comments/nld88o/daily_discussion_thread_for_may_26_2021/
512,2021-05-27,https://www.reddit.com/r/wallstreetbets/comments/nm414o/daily_discussion_thread_for_may_27_2021/
513,2021-05-28,https://www.reddit.com/r/wallstreetbets/comments/nmue5k/daily_discussion_thread_for_may_28_2021/
514,2021-05-29,NA
515,2021-05-30,NA
516,2021-05-31,NA
517,2021-06-01,https://www.reddit.com/r/wallstreetbets/comments/npqenw/daily_discussion_thread_for_june_01_2021/
518,2021-06-02,https://www.reddit.com/r/wallstreetbets/comments/nqi9f6/daily_discussion_thread_for_june_02_2021/
519,2021-06-03,NA
520,2021-06-04,https://www.reddit.com/r/wallstreetbets/comments/ns1gd8/daily_discussion_thread_for_june_04_2021/
521,2021-06-05,NA
522,2021-06-06,NA
523,2021-06-07,https://www.reddit.com/r/wallstreetbets/comments/nu8oaz/daily_discussion_thread_for_june_07_2021/
524,2021-06-08,https://www.reddit.com/r/wallstreetbets/comments/nv1518/daily_discussion_thread_for_june_08_2021/
525,2021-06-09,https://www.reddit.com/r/wallstreetbets/comments/nvs38y/daily_discussion_thread_for_june_09_2021/
526,2021-06-10,https://www.reddit.com/r/wallstreetbets/comments/nwjtth/daily_discussion_thread_for_june_10_2021/
527,2021-06-11,https://www.reddit.com/r/wallstreetbets/comments/nxcaz5/daily_discussion_thread_for_june_11_2021/
528,2021-06-12,NA
529,2021-06-13,NA
530,2021-06-14,https://www.reddit.com/r/wallstreetbets/comments/nzjc6w/daily_discussion_thread_for_june_14_2021/
531,2021-06-15,https://www.reddit.com/r/wallstreetbets/comments/o0ap26/daily_discussion_thread_for_june_15_2021/
532,2021-06-16,https://www.reddit.com/r/wallstreetbets/comments/o11atd/daily_discussion_thread_for_june_16_2021/
533,2021-06-17,https://www.reddit.com/r/wallstreetbets/comments/o1tjzv/daily_discussion_thread_for_june_17_2021/
534,2021-06-18,https://www.reddit.com/r/wallstreetbets/comments/o2lk48/daily_discussion_thread_for_june_18_2021/
535,2021-06-19,NA
536,2021-06-20,NA
537,2021-06-21,https://www.reddit.com/r/wallstreetbets/comments/o4rqmn/daily_discussion_thread_for_june_21_2021/
538,2021-06-22,https://www.reddit.com/r/wallstreetbets/comments/o5jefj/daily_discussion_thread_for_june_22_2021/
539,2021-06-23,https://www.reddit.com/r/wallstreetbets/comments/o69r01/daily_discussion_thread_for_june_23_2021/
540,2021-06-24,https://www.reddit.com/r/wallstreetbets/comments/o6xtau/daily_discussion_thread_for_june_24_2021/
541,2021-06-25,https://www.reddit.com/r/wallstreetbets/comments/o7knfy/daily_discussion_thread_for_june_25_2021/
542,2021-06-26,NA
543,2021-06-27,NA
544,2021-06-28,https://www.reddit.com/r/wallstreetbets/comments/o9h5w0/daily_discussion_thread_for_june_28_2021/
545,2021-06-29,https://www.reddit.com/r/wallstreetbets/comments/oa56ol/daily_discussion_thread_for_june_29_2021/
546,2021-06-30,https://www.reddit.com/r/wallstreetbets/comments/oau3cr/daily_discussion_thread_for_june_30_2021/
547,2021-07-01,https://www.reddit.com/r/wallstreetbets/comments/obik3v/daily_discussion_thread_for_july_01_2021/
548,2021-07-02,https://www.reddit.com/r/wallstreetbets/comments/oc6yol/daily_discussion_thread_for_july_02_2021/
549,2021-07-03,NA
550,2021-07-04,NA
551,2021-07-05,NA
552,2021-07-06,https://www.reddit.com/r/wallstreetbets/comments/oervpb/daily_discussion_thread_for_july_06_2021/
553,2021-07-07,https://www.reddit.com/r/wallstreetbets/comments/offukf/daily_discussion_thread_for_july_07_2021/
554,2021-07-08,https://www.reddit.com/r/wallstreetbets/comments/og44qr/daily_discussion_thread_for_july_08_2021/
555,2021-07-09,https://www.reddit.com/r/wallstreetbets/comments/ogsfdx/daily_discussion_thread_for_july_09_2021/
556,2021-07-10,NA
557,2021-07-11,NA
558,2021-07-12,https://www.reddit.com/r/wallstreetbets/comments/oio72l/daily_discussion_thread_for_july_12_2021/
559,2021-07-13,https://www.reddit.com/r/wallstreetbets/comments/ojcfk1/daily_discussion_thread_for_july_13_2021/
560,2021-07-14,https://www.reddit.com/r/wallstreetbets/comments/ok164a/daily_discussion_thread_for_july_14_2021/
561,2021-07-15,https://www.reddit.com/r/wallstreetbets/comments/okpqif/daily_discussion_thread_for_july_15_2021/
562,2021-07-16,https://www.reddit.com/r/wallstreetbets/comments/oldt8j/daily_discussion_thread_for_july_16_2021/
563,2021-07-17,NA
564,2021-07-18,NA
565,2021-07-19,https://www.reddit.com/r/wallstreetbets/comments/onazr6/daily_discussion_thread_for_july_19_2021/
566,2021-07-20,https://www.reddit.com/r/wallstreetbets/comments/onz1ys/daily_discussion_thread_for_july_20_2021/
567,2021-07-21,https://www.reddit.com/r/wallstreetbets/comments/ooms2d/daily_discussion_thread_for_july_21_2021/
568,2021-07-22,https://www.reddit.com/r/wallstreetbets/comments/opasbw/daily_discussion_thread_for_july_22_2021/
569,2021-07-23,https://www.reddit.com/r/wallstreetbets/comments/opz91a/daily_discussion_thread_for_july_23_2021/
570,2021-07-24,NA
571,2021-07-25,NA
572,2021-07-26,https://www.reddit.com/r/wallstreetbets/comments/orvnbd/daily_discussion_thread_for_july_26_2021/
573,2021-07-27,https://www.reddit.com/r/wallstreetbets/comments/osjwkg/daily_discussion_thread_for_july_27_2021/
574,2021-07-28,https://www.reddit.com/r/wallstreetbets/comments/ot6uaz/daily_discussion_thread_for_july_28_2021/
575,2021-07-29,https://www.reddit.com/r/wallstreetbets/comments/otuiae/daily_discussion_thread_for_july_29_2021/
576,2021-07-30,https://www.reddit.com/r/wallstreetbets/comments/ouhpha/daily_discussion_thread_for_july_30_2021/
577,2021-07-31,NA
578,2021-08-01,NA
579,2021-08-02,https://www.reddit.com/r/wallstreetbets/comments/owbfjf/daily_discussion_thread_for_august_02_2021/
580,2021-08-03,https://www.reddit.com/r/wallstreetbets/comments/ox095v/daily_discussion_thread_for_august_03_2021/
581,2021-08-04,https://www.reddit.com/r/wallstreetbets/comments/oxpeqa/daily_discussion_thread_for_august_04_2021/
582,2021-08-05,https://www.reddit.com/r/wallstreetbets/comments/oyeeib/daily_discussion_thread_for_august_05_2021/
583,2021-08-06,https://www.reddit.com/r/wallstreetbets/comments/oz3mrm/daily_discussion_thread_for_august_06_2021/
584,2021-08-07,NA
585,2021-08-08,NA
586,2021-08-09,https://www.reddit.com/r/wallstreetbets/comments/p0yfax/daily_discussion_thread_for_august_09_2021/
587,2021-08-10,https://www.reddit.com/r/wallstreetbets/comments/p1m5a2/daily_discussion_thread_for_august_10_2021/
588,2021-08-11,https://www.reddit.com/r/wallstreetbets/comments/p2a004/daily_discussion_thread_for_august_11_2021/
589,2021-08-12,https://www.reddit.com/r/wallstreetbets/comments/p2wq9k/daily_discussion_thread_for_august_12_2021/
590,2021-08-13,https://www.reddit.com/r/wallstreetbets/comments/p3kdnr/daily_discussion_thread_for_august_13_2021/
591,2021-08-14,NA
592,2021-08-15,NA
593,2021-08-16,https://www.reddit.com/r/wallstreetbets/comments/p5d0wj/daily_discussion_thread_for_august_16_2021/
594,2021-08-17,NA
595,2021-08-18,https://www.reddit.com/r/wallstreetbets/comments/p6o3zy/daily_discussion_thread_for_august_18_2021/
596,2021-08-19,https://www.reddit.com/r/wallstreetbets/comments/p7bva1/daily_discussion_thread_for_august_19_2021/
597,2021-08-20,https://www.reddit.com/r/wallstreetbets/comments/p825zj/daily_discussion_thread_for_august_20_2021/
598,2021-08-21,NA
599,2021-08-22,NA
600,2021-08-23,https://www.reddit.com/r/wallstreetbets/comments/p9wn4t/daily_discussion_thread_for_august_23_2021/
601,2021-08-24,https://www.reddit.com/r/wallstreetbets/comments/pak91h/daily_discussion_thread_for_august_24_2021/
602,2021-08-25,https://www.reddit.com/r/wallstreetbets/comments/pb840r/daily_discussion_thread_for_august_25_2021/
603,2021-08-26,https://www.reddit.com/r/wallstreetbets/comments/pbwdez/daily_discussion_thread_for_august_26_2021/
604,2021-08-27,https://www.reddit.com/r/wallstreetbets/comments/pckb9m/daily_discussion_thread_for_august_27_2021/
605,2021-08-28,NA
606,2021-08-29,NA
607,2021-08-30,https://www.reddit.com/r/wallstreetbets/comments/pef0nj/daily_discussion_thread_for_august_30_2021/
608,2021-08-31,https://www.reddit.com/r/wallstreetbets/comments/pf2ra8/daily_discussion_thread_for_august_31_2021/
609,2021-09-01,https://www.reddit.com/r/wallstreetbets/comments/pfqpl8/daily_discussion_thread_for_september_01_2021/
610,2021-09-02,https://www.reddit.com/r/wallstreetbets/comments/pgergo/daily_discussion_thread_for_september_02_2021/
611,2021-09-03,https://www.reddit.com/r/wallstreetbets/comments/ph24jo/daily_discussion_thread_for_september_03_2021/
612,2021-09-04,NA
613,2021-09-05,NA
614,2021-09-06,NA
615,2021-09-07,https://www.reddit.com/r/wallstreetbets/comments/pjk0x4/daily_discussion_thread_for_september_07_2021/
616,2021-09-08,https://www.reddit.com/r/wallstreetbets/comments/pk7hl8/daily_discussion_thread_for_september_08_2021/
617,2021-09-09,https://www.reddit.com/r/wallstreetbets/comments/pkus1y/daily_discussion_thread_for_september_09_2021/
618,2021-09-10,https://www.reddit.com/r/wallstreetbets/comments/pli02m/daily_discussion_thread_for_september_10_2021/
619,2021-09-11,NA
620,2021-09-12,NA
621,2021-09-13,https://www.reddit.com/r/wallstreetbets/comments/pncese/daily_discussion_thread_for_september_13_2021/
622,2021-09-14,https://www.reddit.com/r/wallstreetbets/comments/pnzrg1/daily_discussion_thread_for_september_14_2021/
623,2021-09-15,https://www.reddit.com/r/wallstreetbets/comments/pon39n/daily_discussion_thread_for_september_15_2021/
624,2021-09-16,https://www.reddit.com/r/wallstreetbets/comments/ppab5b/daily_discussion_thread_for_september_16_2021/
625,2021-09-17,https://www.reddit.com/r/wallstreetbets/comments/ppx8ia/daily_discussion_thread_for_september_17_2021/
626,2021-09-18,NA
627,2021-09-19,NA
628,2021-09-20,https://www.reddit.com/r/wallstreetbets/comments/prqy5j/daily_discussion_thread_for_september_20_2021/
629,2021-09-21,https://www.reddit.com/r/wallstreetbets/comments/psfnmf/daily_discussion_thread_for_september_21_2021/
630,2021-09-22,https://www.reddit.com/r/wallstreetbets/comments/pt48az/daily_discussion_thread_for_september_22_2021/
631,2021-09-23,https://www.reddit.com/r/wallstreetbets/comments/ptrwt2/daily_discussion_thread_for_september_23_2021/
632,2021-09-24,https://www.reddit.com/r/wallstreetbets/comments/pugkne/daily_discussion_thread_for_september_24_2021/
633,2021-09-25,NA
634,2021-09-26,NA
635,2021-09-27,https://www.reddit.com/r/wallstreetbets/comments/pwduh8/daily_discussion_thread_for_september_27_2021/
636,2021-09-28,https://www.reddit.com/r/wallstreetbets/comments/px31nw/daily_discussion_thread_for_september_28_2021/
637,2021-09-29,https://www.reddit.com/r/wallstreetbets/comments/pxs6br/daily_discussion_thread_for_september_29_2021/
638,2021-09-30,https://www.reddit.com/r/wallstreetbets/comments/pygmgc/daily_discussion_thread_for_september_30_2021/
639,2021-10-01,https://www.reddit.com/r/wallstreetbets/comments/pz4ta4/daily_discussion_thread_for_october_01_2021/
640,2021-10-02,NA
641,2021-10-03,NA
642,2021-10-04,https://www.reddit.com/r/wallstreetbets/comments/q12dpj/daily_discussion_thread_for_october_04_2021/
643,2021-10-05,https://www.reddit.com/r/wallstreetbets/comments/q1t7nc/daily_discussion_thread_for_october_05_2021/
644,2021-10-06,https://www.reddit.com/r/wallstreetbets/comments/q2h9uz/daily_discussion_thread_for_october_06_2021/
645,2021-10-07,https://www.reddit.com/r/wallstreetbets/comments/q35qc8/daily_discussion_thread_for_october_07_2021/
646,2021-10-08,https://www.reddit.com/r/wallstreetbets/comments/q3umur/daily_discussion_thread_for_october_08_2021/
647,2021-10-09,NA
648,2021-10-10,NA
649,2021-10-11,https://www.reddit.com/r/wallstreetbets/comments/q5sih9/daily_discussion_thread_for_october_11_2021/
650,2021-10-12,https://www.reddit.com/r/wallstreetbets/comments/q6iqma/daily_discussion_thread_for_october_12_2021/
651,2021-10-13,https://www.reddit.com/r/wallstreetbets/comments/q77v1k/daily_discussion_thread_for_october_13_2021/
652,2021-10-14,https://www.reddit.com/r/wallstreetbets/comments/q7wkcn/daily_discussion_thread_for_october_14_2021/
653,2021-10-15,https://www.reddit.com/r/wallstreetbets/comments/q8l7gz/daily_discussion_thread_for_october_15_2021/
654,2021-10-16,NA
655,2021-10-17,NA
656,2021-10-18,https://www.reddit.com/r/wallstreetbets/comments/qajk42/daily_discussion_thread_for_october_18_2021/
657,2021-10-19,https://www.reddit.com/r/wallstreetbets/comments/qb89rl/daily_discussion_thread_for_october_19_2021/
658,2021-10-20,https://www.reddit.com/r/wallstreetbets/comments/qbxd7v/daily_discussion_thread_for_october_20_2021/
659,2021-10-21,https://www.reddit.com/r/wallstreetbets/comments/qcoczz/daily_discussion_thread_for_october_21_2021/
660,2021-10-22,https://www.reddit.com/r/wallstreetbets/comments/qddlkc/daily_discussion_thread_for_october_22_2021/
661,2021-10-23,NA
662,2021-10-24,NA
663,2021-10-25,https://www.reddit.com/r/wallstreetbets/comments/qfdc03/daily_discussion_thread_for_october_25_2021/
664,2021-10-26,https://www.reddit.com/r/wallstreetbets/comments/qg31bx/daily_discussion_thread_for_october_26_2021/
665,2021-10-27,https://www.reddit.com/r/wallstreetbets/comments/qgt5w7/daily_discussion_thread_for_october_27_2021/
666,2021-10-28,https://www.reddit.com/r/wallstreetbets/comments/qhjkuz/daily_discussion_thread_for_october_28_2021/
667,2021-10-29,https://www.reddit.com/r/wallstreetbets/comments/qi9clo/daily_discussion_thread_for_october_29_2021/
668,2021-10-30,NA
669,2021-10-31,NA
670,2021-11-01,https://www.reddit.com/r/wallstreetbets/comments/qkanjp/daily_discussion_thread_for_november_01_2021/
671,2021-11-02,https://www.reddit.com/r/wallstreetbets/comments/ql0v5g/daily_discussion_thread_for_november_02_2021/
672,2021-11-03,https://www.reddit.com/r/wallstreetbets/comments/qlr721/daily_discussion_thread_for_november_03_2021/
673,2021-11-04,https://www.reddit.com/r/wallstreetbets/comments/qmh95a/daily_discussion_thread_for_november_04_2021/
674,2021-11-05,https://www.reddit.com/r/wallstreetbets/comments/qn7rh0/daily_discussion_thread_for_november_05_2021/
675,2021-11-06,NA
676,2021-11-07,NA
677,2021-11-08,https://www.reddit.com/r/wallstreetbets/comments/qpb8yh/daily_discussion_thread_for_november_08_2021/
678,2021-11-09,https://www.reddit.com/r/wallstreetbets/comments/qq19w5/daily_discussion_thread_for_november_09_2021/
679,2021-11-10,https://www.reddit.com/r/wallstreetbets/comments/qqrw8d/daily_discussion_thread_for_november_10_2021/
680,2021-11-11,https://www.reddit.com/r/wallstreetbets/comments/qritp2/daily_discussion_thread_for_november_11_2021/
681,2021-11-12,https://www.reddit.com/r/wallstreetbets/comments/qs8s63/daily_discussion_thread_for_november_12_2021/
682,2021-11-13,NA
683,2021-11-14,NA
684,2021-11-15,https://www.reddit.com/r/wallstreetbets/comments/qudxuq/daily_discussion_thread_for_november_15_2021/
685,2021-11-16,https://www.reddit.com/r/wallstreetbets/comments/qv5cg4/daily_discussion_thread_for_november_16_2021/
686,2021-11-17,https://www.reddit.com/r/wallstreetbets/comments/qvwu4g/daily_discussion_thread_for_november_17_2021/
687,2021-11-18,https://www.reddit.com/r/wallstreetbets/comments/qwnc4a/daily_discussion_thread_for_november_18_2021/
688,2021-11-19,https://www.reddit.com/r/wallstreetbets/comments/qxdv3x/daily_discussion_thread_for_november_19_2021/
689,2021-11-20,NA
690,2021-11-21,NA
691,2021-11-22,https://www.reddit.com/r/wallstreetbets/comments/qziyji/daily_discussion_thread_for_november_22_2021/
692,2021-11-23,https://www.reddit.com/r/wallstreetbets/comments/r0asp7/daily_discussion_thread_for_november_23_2021/
693,2021-11-24,https://www.reddit.com/r/wallstreetbets/comments/r12ms8/daily_discussion_thread_for_november_24_2021/
694,2021-11-25,NA
695,2021-11-26,https://www.reddit.com/r/wallstreetbets/comments/r2kpzy/daily_discussion_thread_for_november_26_2021/
696,2021-11-27,NA
697,2021-11-28,NA
698,2021-11-29,https://www.reddit.com/r/wallstreetbets/comments/r4tfha/daily_discussion_thread_for_november_29_2021/
699,2021-11-30,https://www.reddit.com/r/wallstreetbets/comments/r5kuzn/daily_discussion_thread_for_november_30_2021/
700,2021-12-01,https://www.reddit.com/r/wallstreetbets/comments/r6c8u6/daily_discussion_thread_for_december_01_2021/
701,2021-12-02,https://www.reddit.com/r/wallstreetbets/comments/r7505w/daily_discussion_thread_for_december_02_2021/
702,2021-12-03,https://www.reddit.com/r/wallstreetbets/comments/r7wo5m/daily_discussion_thread_for_december_03_2021/
703,2021-12-04,NA
704,2021-12-05,NA
705,2021-12-06,https://www.reddit.com/r/wallstreetbets/comments/ra4qvi/daily_discussion_thread_for_december_06_2021/
706,2021-12-07,https://www.reddit.com/r/wallstreetbets/comments/rawn4n/daily_discussion_thread_for_december_07_2021/
707,2021-12-08,https://www.reddit.com/r/wallstreetbets/comments/rbov18/daily_discussion_thread_for_december_08_2021/
708,2021-12-09,https://www.reddit.com/r/wallstreetbets/comments/rcfcod/daily_discussion_thread_for_december_09_2021/
709,2021-12-10,https://www.reddit.com/r/wallstreetbets/comments/rd68ig/daily_discussion_thread_for_december_10_2021/
710,2021-12-11,NA
711,2021-12-12,NA
712,2021-12-13,https://www.reddit.com/r/wallstreetbets/comments/rfd84z/daily_discussion_thread_for_december_13_2021/
713,2021-12-14,https://www.reddit.com/r/wallstreetbets/comments/rg53un/daily_discussion_thread_for_december_14_2021/
714,2021-12-15,https://www.reddit.com/r/wallstreetbets/comments/rgwk0q/daily_discussion_thread_for_december_15_2021/
715,2021-12-16,https://www.reddit.com/r/wallstreetbets/comments/rhofmp/daily_discussion_thread_for_december_16_2021/
716,2021-12-17,https://www.reddit.com/r/wallstreetbets/comments/rif0ad/daily_discussion_thread_for_december_17_2021/
717,2021-12-18,NA
718,2021-12-19,NA
719,2021-12-20,https://www.reddit.com/r/wallstreetbets/comments/rkkryz/daily_discussion_thread_for_december_20_2021/
720,2021-12-21,https://www.reddit.com/r/wallstreetbets/comments/rlcarj/daily_discussion_thread_for_december_21_2021/
721,2021-12-22,https://www.reddit.com/r/wallstreetbets/comments/rm2vyr/daily_discussion_thread_for_december_22_2021/
722,2021-12-23,https://www.reddit.com/r/wallstreetbets/comments/rmt9nk/daily_discussion_thread_for_december_23_2021/
723,2021-12-24,NA
724,2021-12-25,NA
725,2021-12-26,NA
726,2021-12-27,https://www.reddit.com/r/wallstreetbets/comments/rpl3lv/daily_discussion_thread_for_december_27_2021/
727,2021-12-28,https://www.reddit.com/r/wallstreetbets/comments/rqdcs6/daily_discussion_thread_for_december_28_2021/
728,2021-12-29,https://www.reddit.com/r/wallstreetbets/comments/rr5mi3/daily_discussion_thread_for_december_29_2021/
729,2021-12-30,https://www.reddit.com/r/wallstreetbets/comments/rrz70p/daily_discussion_thread_for_december_30_2021/
730,2021-12-31,https://www.reddit.com/r/wallstreetbets/comments/rst2f2/daily_discussion_thread_for_december_31_2021/
731,2022-01-01,NA
732,2022-01-02,NA
733,2022-01-03,https://www.reddit.com/r/wallstreetbets/comments/ruz6eb/daily_discussion_thread_for_january_03_2022/
734,2022-01-04,https://www.reddit.com/r/wallstreetbets/comments/rvrs79/daily_discussion_thread_for_january_04_2022/
735,2022-01-05,https://www.reddit.com/r/wallstreetbets/comments/rwkbxy/daily_discussion_thread_for_january_05_2022/
736,2022-01-06,https://www.reddit.com/r/wallstreetbets/comments/rxbxqk/daily_discussion_thread_for_january_06_2022/
737,2022-01-07,https://www.reddit.com/r/wallstreetbets/comments/ry4xff/daily_discussion_thread_for_january_07_2022/
738,2022-01-08,https://www.reddit.com/r/wallstreetbets/comments/ryi03m/weekend_discussion_thread_for_the_weekend_of/
739,2022-01-09,NA
740,2022-01-10,https://www.reddit.com/r/wallstreetbets/comments/s0hh6w/daily_discussion_thread_for_january_10_2022/
741,2022-01-11,https://www.reddit.com/r/wallstreetbets/comments/s1adf5/daily_discussion_thread_for_january_11_2022/
742,2022-01-12,https://www.reddit.com/r/wallstreetbets/comments/s23o5c/daily_discussion_thread_for_january_12_2022/
743,2022-01-13,https://www.reddit.com/r/wallstreetbets/comments/s2wwtk/daily_discussion_thread_for_january_13_2022/
744,2022-01-14,https://www.reddit.com/r/wallstreetbets/comments/s3pq81/daily_discussion_thread_for_january_14_2022/
745,2022-01-15,https://www.reddit.com/r/wallstreetbets/comments/s42gw0/weekend_discussion_thread_for_the_weekend_of/
746,2022-01-16,NA
747,2022-01-17,NA
748,2022-01-18,https://www.reddit.com/r/wallstreetbets/comments/s6uy8h/daily_discussion_thread_for_january_18_2022/
749,2022-01-19,https://www.reddit.com/r/wallstreetbets/comments/s7nn8l/daily_discussion_thread_for_january_19_2022/
750,2022-01-20,https://www.reddit.com/r/wallstreetbets/comments/s8ggqz/daily_discussion_thread_for_january_20_2022/
751,2022-01-21,https://www.reddit.com/r/wallstreetbets/comments/s9898y/daily_discussion_thread_for_january_21_2022/
752,2022-01-22,https://www.reddit.com/r/wallstreetbets/comments/s9kt45/weekend_discussion_thread_for_the_weekend_of/
753,2022-01-23,NA
754,2022-01-24,https://www.reddit.com/r/wallstreetbets/comments/sbjnkf/daily_discussion_thread_for_january_24_2022/
755,2022-01-25,https://www.reddit.com/r/wallstreetbets/comments/scb4z5/daily_discussion_thread_for_january_25_2022/
756,2022-01-26,https://www.reddit.com/r/wallstreetbets/comments/sd3eg6/daily_discussion_thread_for_january_26_2022/
757,2022-01-27,https://www.reddit.com/r/wallstreetbets/comments/sdvuei/daily_discussion_thread_for_january_27_2022/
758,2022-01-28,https://www.reddit.com/r/wallstreetbets/comments/seo91v/daily_discussion_thread_for_january_28_2022/
759,2022-01-29,NA
760,2022-01-30,NA
761,2022-01-31,https://www.reddit.com/r/wallstreetbets/comments/sgynz7/daily_discussion_thread_for_january_31_2022/
762,2022-02-01,https://www.reddit.com/r/wallstreetbets/comments/shsbxg/daily_discussion_thread_for_february_01_2022/
763,2022-02-02,https://www.reddit.com/r/wallstreetbets/comments/silx0h/daily_discussion_thread_for_february_02_2022/
764,2022-02-03,https://www.reddit.com/r/wallstreetbets/comments/sjgeyw/daily_discussion_thread_for_february_03_2022/
765,2022-02-04,https://www.reddit.com/r/wallstreetbets/comments/skam6f/daily_discussion_thread_for_february_04_2022/
766,2022-02-05,https://www.reddit.com/r/wallstreetbets/comments/sko5yt/weekend_discussion_thread_for_the_weekend_of/
767,2022-02-06,NA
768,2022-02-07,https://www.reddit.com/r/wallstreetbets/comments/smnjmt/daily_discussion_thread_for_february_07_2022/
769,2022-02-08,https://www.reddit.com/r/wallstreetbets/comments/snhjn6/daily_discussion_thread_for_february_08_2022/
770,2022-02-09,https://www.reddit.com/r/wallstreetbets/comments/soax1f/daily_discussion_thread_for_february_09_2022/
771,2022-02-10,https://www.reddit.com/r/wallstreetbets/comments/sp417d/daily_discussion_thread_for_february_10_2022/
772,2022-02-11,https://www.reddit.com/r/wallstreetbets/comments/spwu0v/daily_discussion_thread_for_february_11_2022/
773,2022-02-12,https://www.reddit.com/r/wallstreetbets/comments/sq9gk5/weekend_discussion_thread_for_the_weekend_of/
774,2022-02-13,NA
775,2022-02-14,https://www.reddit.com/r/wallstreetbets/comments/ss80ra/daily_discussion_thread_for_february_14_2022/
776,2022-02-15,https://www.reddit.com/r/wallstreetbets/comments/st0fbk/daily_discussion_thread_for_february_15_2022/
777,2022-02-16,https://www.reddit.com/r/wallstreetbets/comments/stt7n0/daily_discussion_thread_for_february_16_2022/
778,2022-02-17,https://www.reddit.com/r/wallstreetbets/comments/sum682/daily_discussion_thread_for_february_17_2022/
779,2022-02-18,https://www.reddit.com/r/wallstreetbets/comments/svf9wi/daily_discussion_thread_for_february_18_2022/
780,2022-02-19,https://www.reddit.com/r/wallstreetbets/comments/svsamc/weekend_discussion_thread_for_the_weekend_of/
781,2022-02-20,NA
782,2022-02-21,NA
783,2022-02-22,https://www.reddit.com/r/wallstreetbets/comments/sykv1y/daily_discussion_thread_for_february_22_2022/
784,2022-02-23,https://www.reddit.com/r/wallstreetbets/comments/szes4m/daily_discussion_thread_for_february_23_2022/
785,2022-02-24,https://www.reddit.com/r/wallstreetbets/comments/t08azf/daily_discussion_thread_for_february_24_2022/
786,2022-02-25,https://www.reddit.com/r/wallstreetbets/comments/t11cis/daily_discussion_thread_for_february_25_2022/
787,2022-02-26,https://www.reddit.com/r/wallstreetbets/comments/t1ee69/weekend_discussion_thread_for_the_weekend_of/
788,2022-02-27,NA
789,2022-02-28,https://www.reddit.com/r/wallstreetbets/comments/t3d1d0/daily_discussion_thread_for_february_28_2022/
790,2022-03-01,https://www.reddit.com/r/wallstreetbets/comments/t45eh0/daily_discussion_thread_for_march_01_2022/
791,2022-03-02,https://www.reddit.com/r/wallstreetbets/comments/t4xq2e/daily_discussion_thread_for_march_02_2022/
792,2022-03-03,https://www.reddit.com/r/wallstreetbets/comments/t5p2hk/daily_discussion_thread_for_march_03_2022/
793,2022-03-04,https://www.reddit.com/r/wallstreetbets/comments/t6gi7y/daily_discussion_thread_for_march_04_2022/
794,2022-03-05,https://www.reddit.com/r/wallstreetbets/comments/t6st47/weekend_discussion_thread_for_the_weekend_of/
795,2022-03-06,NA
796,2022-03-07,https://www.reddit.com/r/wallstreetbets/comments/t8mqyc/daily_discussion_thread_for_march_07_2022/
797,2022-03-08,https://www.reddit.com/r/wallstreetbets/comments/t9edao/daily_discussion_thread_for_march_08_2022/
798,2022-03-09,https://www.reddit.com/r/wallstreetbets/comments/ta5dee/daily_discussion_thread_for_march_09_2022/
799,2022-03-10,https://www.reddit.com/r/wallstreetbets/comments/taw8g3/daily_discussion_thread_for_march_10_2022/
800,2022-03-11,https://www.reddit.com/r/wallstreetbets/comments/tbnppf/daily_discussion_thread_for_march_11_2022/
801,2022-03-12,https://www.reddit.com/r/wallstreetbets/comments/tbzzo7/weekend_discussion_thread_for_the_weekend_of/
802,2022-03-13,NA
803,2022-03-14,https://www.reddit.com/r/wallstreetbets/comments/tdtz2p/daily_discussion_thread_for_march_14_2022/
804,2022-03-15,https://www.reddit.com/r/wallstreetbets/comments/telh8k/daily_discussion_thread_for_march_15_2022/
805,2022-03-16,https://www.reddit.com/r/wallstreetbets/comments/tfe3hx/daily_discussion_thread_for_march_16_2022/
806,2022-03-17,https://www.reddit.com/r/wallstreetbets/comments/tg6ojw/daily_discussion_thread_for_march_17_2022/
807,2022-03-18,https://www.reddit.com/r/wallstreetbets/comments/tgxv5v/daily_discussion_thread_for_march_18_2022/
808,2022-03-19,https://www.reddit.com/r/wallstreetbets/comments/thdqgb/weekend_discussion_thread_for_the_weekend_of/
809,2022-03-20,NA
810,2022-03-21,https://www.reddit.com/r/wallstreetbets/comments/tj88zu/daily_discussion_thread_for_march_21_2022/
811,2022-03-22,https://www.reddit.com/r/wallstreetbets/comments/tjzhsi/daily_discussion_thread_for_march_22_2022/
812,2022-03-23,https://www.reddit.com/r/wallstreetbets/comments/tkqhif/daily_discussion_thread_for_march_23_2022/
813,2022-03-24,https://www.reddit.com/r/wallstreetbets/comments/tm2f53/daily_discussion_thread_for_march_24_2022/
814,2022-03-25,https://www.reddit.com/r/wallstreetbets/comments/tnij9c/daily_discussion_thread_for_march_25_2022/
815,2022-03-26,https://www.reddit.com/r/wallstreetbets/comments/tnxpf0/weekend_discussion_thread_for_the_weekend_of/
816,2022-03-27,NA
817,2022-03-28,https://www.reddit.com/r/wallstreetbets/comments/tq5usv/daily_discussion_thread_for_march_28_2022/
818,2022-03-29,https://www.reddit.com/r/wallstreetbets/comments/tqwbxl/daily_discussion_thread_for_march_29_2022/
819,2022-03-30,https://www.reddit.com/r/wallstreetbets/comments/ts2yb1/daily_discussion_thread_for_march_30_2022/
820,2022-03-31,https://www.reddit.com/r/wallstreetbets/comments/tswdse/daily_discussion_thread_for_march_31_2022/
821,2022-04-01,https://www.reddit.com/r/wallstreetbets/comments/ttn237/daily_discussion_thread_for_april_01_2022/
822,2022-04-02,https://www.reddit.com/r/wallstreetbets/comments/ttzzng/weekend_discussion_thread_for_the_weekend_of/
823,2022-04-03,NA
824,2022-04-04,https://www.reddit.com/r/wallstreetbets/comments/tvy9r4/daily_discussion_thread_for_april_04_2022/
825,2022-04-05,https://www.reddit.com/r/wallstreetbets/comments/twreh5/daily_discussion_thread_for_april_05_2022/
826,2022-04-06,https://www.reddit.com/r/wallstreetbets/comments/tximj8/daily_discussion_thread_for_april_06_2022/
827,2022-04-07,https://www.reddit.com/r/wallstreetbets/comments/ty9ndg/daily_discussion_thread_for_april_07_2022/
828,2022-04-08,https://www.reddit.com/r/wallstreetbets/comments/tz0295/daily_discussion_thread_for_april_08_2022/
829,2022-04-09,https://www.reddit.com/r/wallstreetbets/comments/tzbyne/weekend_discussion_thread_for_the_weekend_of/
830,2022-04-10,NA
831,2022-04-11,https://www.reddit.com/r/wallstreetbets/comments/u145mk/daily_discussion_thread_for_april_11_2022/
832,2022-04-12,https://www.reddit.com/r/wallstreetbets/comments/u1vesh/daily_discussion_thread_for_april_12_2022/
833,2022-04-13,https://www.reddit.com/r/wallstreetbets/comments/u2mtev/daily_discussion_thread_for_april_13_2022/
834,2022-04-14,https://www.reddit.com/r/wallstreetbets/comments/u3dunn/daily_discussion_thread_for_april_14_2022/
835,2022-04-15,https://www.reddit.com/r/wallstreetbets/comments/u3pyr3/weekend_discussion_thread_for_the_weekend_of/
836,2022-04-16,NA
837,2022-04-17,NA
838,2022-04-18,https://www.reddit.com/r/wallstreetbets/comments/u69hn6/daily_discussion_thread_for_april_18_2022/
839,2022-04-19,https://www.reddit.com/r/wallstreetbets/comments/u71hzz/daily_discussion_thread_for_april_19_2022/
840,2022-04-20,https://www.reddit.com/r/wallstreetbets/comments/u7sysq/daily_discussion_thread_for_april_20_2022/
841,2022-04-21,https://www.reddit.com/r/wallstreetbets/comments/u8k0ou/daily_discussion_thread_for_april_21_2022/
842,2022-04-22,https://www.reddit.com/r/wallstreetbets/comments/u9b0pv/daily_discussion_thread_for_april_22_2022/
843,2022-04-23,https://www.reddit.com/r/wallstreetbets/comments/u9natz/weekend_discussion_thread_for_the_weekend_of/
844,2022-04-24,NA
845,2022-04-25,https://www.reddit.com/r/wallstreetbets/comments/ubhiyt/daily_discussion_thread_for_april_25_2022/
846,2022-04-26,https://www.reddit.com/r/wallstreetbets/comments/uc8zsy/daily_discussion_thread_for_april_26_2022/
847,2022-04-27,https://www.reddit.com/r/wallstreetbets/comments/uczz20/daily_discussion_thread_for_april_27_2022/
848,2022-04-28,https://www.reddit.com/r/wallstreetbets/comments/udrhlg/daily_discussion_thread_for_april_28_2022/
849,2022-04-29,https://www.reddit.com/r/wallstreetbets/comments/ueihnj/daily_discussion_thread_for_april_29_2022/
850,2022-04-30,https://www.reddit.com/r/wallstreetbets/comments/ueu7b4/weekend_discussion_thread_for_the_weekend_of/
851,2022-05-01,NA
852,2022-05-02,https://www.reddit.com/r/wallstreetbets/comments/ugm6ft/daily_discussion_thread_for_may_02_2022/
853,2022-05-03,https://www.reddit.com/r/wallstreetbets/comments/uhcnv4/daily_discussion_thread_for_may_03_2022/
854,2022-05-04,https://www.reddit.com/r/wallstreetbets/comments/ui32yd/daily_discussion_thread_for_may_04_2022/
855,2022-05-05,https://www.reddit.com/r/wallstreetbets/comments/uiu294/daily_discussion_thread_for_may_05_2022/
856,2022-05-06,https://www.reddit.com/r/wallstreetbets/comments/ujjzf7/daily_discussion_thread_for_may_06_2022/
857,2022-05-07,https://www.reddit.com/r/wallstreetbets/comments/ujvwb1/weekend_discussion_thread_for_the_weekend_of_may/
858,2022-05-08,NA
859,2022-05-09,https://www.reddit.com/r/wallstreetbets/comments/ulnqvr/daily_discussion_thread_for_may_09_2022/
860,2022-05-10,https://www.reddit.com/r/wallstreetbets/comments/umf4y8/daily_discussion_thread_for_may_10_2022/
861,2022-05-11,https://www.reddit.com/r/wallstreetbets/comments/un6c3p/daily_discussion_thread_for_may_11_2022/
862,2022-05-12,https://www.reddit.com/r/wallstreetbets/comments/unxl5h/daily_discussion_thread_for_may_12_2022/
